"Codigo";"Latitude";"Longitude";"Area";"Nome";"Horario_Brasilia";"Horario_Rondonia";"Horario_Acre";"Nivel_Atual";"Var_Nivel_24";"Var_Nivel_7d";"Var_Nivel_14d";"Var_Nivel_21d";"Acum_Chuva_24";"Acum_Chuva_96";"Rio";"Passado";"C_Max";"Ano_Max";"Mediana";"Minima_Dia";"Maxima_Dia";"Percentil";"SPI";"Atencao";"Alerta";"Inunda";"Status"
10100000;-4,235;-69,945;874000;"Tabatinga";2025-09-27 08:15:00;2025-09-27 07:15:00;2025-09-27 06:15:00;345;-5;-24;26;-26;0,2;101,6;"SOLIMOES";;;"1999";293;20;633;"50%-60%";;;;;
10500000;-4,341;-70,906;61400;"ESTIRÃO DO REPOUSO";2025-09-26 19:45:00;2025-09-26 18:45:00;2025-09-26 17:45:00;755;;;;;0;64,4;"JAVARI";204;;"2019";588;204;983;"80%-90%";;;;;
10910000;-4,584;-70,264;36900;"LADÁRIO - JUSANTE";2025-09-26 20:45:00;2025-09-26 19:45:00;2025-09-26 18:45:00;801;;;135;203;0,2;36,4;"ITACUAI";460;;"2001";724;463;975;"50%-60%";;;;;
11400000;-3,457;-68,912;1010000;"SÃO PAULO DE OLIVENÇA";2025-09-17 10:00:00;2025-09-17 09:00:00;2025-09-17 08:00:00;540;;;;;0;0;"SOLIMÕES";31;;"2015";502,5;32;856;"60%-70%";;;;;
12240000;-3,337;-67,492;64400;"PORTO SEGURO";2025-09-13 09:45:00;2025-09-13 08:45:00;2025-09-13 07:45:00;800;-37;;;;0;0;"JUTAÍ";714;;"2015";848;716;1035;"10%-20%";;;;;
12351000;-2,491;-66,062;1220000;"Fonte Boa";2025-09-27 09:00:00;2025-09-27 08:00:00;2025-09-27 07:00:00;1385;-3;7;-33;-138;0,2;75,4;"SOLIMOES";;;"2015";1205;925;1516;"80%-90%";;;;;
12500000;-7,633;-72,66;37800;"Cruzeiro do Sul";2025-09-27 09:00:00;2025-09-27 08:00:00;2025-09-27 07:00:00;424;-18;15;42;43;0;74,4;"JURUÁ";;;"2009";408;245;550;"60%-70%";;1000;1180;1300;"Normal"
12520000;-7,056;-71,689;56100;"IPIXUNA";2025-09-19 10:45:00;2025-09-19 09:45:00;2025-09-19 08:45:00;317;;-13;-19;;0;0;"JURUÁ";;;"1986";320;171;596;"40%-50%";;;;;
12590000;-8,152;-70,746;8770;"PONTE DE TARAUACÁ";2025-09-27 09:00:00;2025-09-27 08:00:00;2025-09-27 07:00:00;386;-27;26;68;87;2;56,8;"TARAUACÁ";298;;"2017";371,5;298;442;"62%-75%";;;;;
12650000;-8,164;-70,356;17000;"Feijó";2025-06-09 19:00:00;2025-06-09 18:00:00;2025-06-09 17:00:00;487;18;-67;-132;-31;0;0;"FEIJÓ";;;"2021";411;334;636;"80%-90%";;1200;1350;1400;"Normal"
12845000;-1,395;-69,428;206000;"VILA BITTENCOURT";2025-09-18 07:00:00;2025-09-18 06:00:00;2025-09-18 05:00:00;1209;6;42;151;;0;0;"JAPURÁ";543;;"1989";908;546;1116;"100%-Máxima";;;;;
12850000;-1,821;-66,609;249000;"ACANAUI";2025-09-26 18:45:00;2025-09-26 17:45:00;2025-09-26 16:45:00;1192;;;;;0;47,2;"JAPURÁ";766;;"1989";984,5;625;1206;"90%-100%";;;;;
13150000;-4,058;-63,028;1780000;"Itapéua";2024-11-25 17:00:00;2024-11-25 16:00:00;2024-11-25 15:00:00;329;-4;-24;136;;0;0;"SOLIMOES";;;"2020";809;294;1228;"0%-10%";;;;;
13150003;-4,086;-63,083;1780000;"COARI";2025-09-18 07:00:00;2025-09-18 06:00:00;2025-09-18 05:00:00;1110;-12;-152;-247;;0;0;"SOLIMÕES";-2;;"2015";666;9;1153;"90%-100%";;;;;
13169900;-9,434;-70,494;15917;"SANTA ROSA DO PURUS - SEDE";2025-09-27 08:00:00;2025-09-27 07:00:00;2025-09-27 06:00:00;120;-3;-31;-50;;0;0;"PURUS";;;"2021";268;202;310;"Mínima-0%";;;;;
13180000;-8,889;-69,275;32800;"MANOEL URBANO";2025-09-27 09:00:00;2025-09-27 08:00:00;2025-09-27 07:00:00;396;109;133;142;145;1,8;146;"PURUS";247;;"1997";409;245;578;"30%-40%";;;;;
13300000;-9,374;-68,724;11200;"SERINGAL SÃO JOSÉ";2025-09-27 08:45:00;2025-09-27 07:45:00;2025-09-27 06:45:00;188;4;3;-3;10;2,6;64,8;"IACO";188;;"1999";315,5;187;409;"0%-10%";;;;;
13310000;-9,068;-68,653;18000;"Sena Madureira";2025-09-27 09:00:00;2025-09-27 08:00:00;2025-09-27 07:00:00;73;11;19;20;20;0,8;53,8;"IACO";;;"2021";197;57;445;"10%-20%";;1300;1400;1520;"Normal"
13450000;-10,944;-69,566;3760;"ASSIS BRASIL";2025-03-25 17:15:00;2025-03-25 16:15:00;2025-03-25 15:15:00;324;-46;-124;-220;-125;0;0;"ACRE";;;"2012";254;190;306;"100%-Máxima";;1000;1130;1250;"Normal"
13470000;-11,018;-68,745;7020;"BRASILEIA";2025-09-27 08:15:00;2025-09-27 07:15:00;2025-09-27 06:15:00;84;-2;-43;3;-9;0;27,6;"ACRE";;;"2024";187;96;355;"Mínima-0%";;880;980;1140;"Normal"
13540000;-10,561;-68,705;3730;"COLONIA DOLORES";2025-09-27 09:00:00;2025-09-27 08:00:00;2025-09-27 07:00:00;204;-4;-4;-10;2;0;11,8;"XAPURI";;;"2015";318;271;359;"Mínima-0%";;;;;
13550000;-10,651;-68,508;8270;"XAPURI";2025-09-27 08:30:00;2025-09-27 07:30:00;2025-09-27 06:30:00;170;-9;4;-1;-5;0;13;"ACRE";;;"2015";269,5;158;459;"0%-10%";;1150;1250;1340;"Normal"
13568000;-10,389;-67,935;15000;"CAPIXABA";2025-09-27 08:15:00;2025-09-27 07:15:00;2025-09-27 06:15:00;138;1;15;6;-16;0;14,6;"ACRE";;;;;;;;;;;;
13572000;-10,005;-68,529;3210;"ESPALHA";2025-09-27 08:15:00;2025-09-27 07:15:00;2025-09-27 06:15:00;25;-1;-4;7;4;0;0;"DO ROLA";;;;;;;;;;;;
13578000;-10,057;-67,964;6520;"RIO ROLA";2025-09-27 08:15:00;2025-09-27 07:15:00;2025-09-27 06:15:00;64;-3;-3;;-2;0;14,2;"DO ROLA";;;"2023";129;68;182;"Mínima-0%";;;;;
13600002;-9,975;-67,801;23500;"RIO BRANCO";2025-09-27 08:45:00;2025-09-27 07:45:00;2025-09-27 06:45:00;190;-16;14;-8;35;0;17,4;"ACRE";;;"2015";285;130;570;"10%-20%";;1250;1350;1400;"Normal"
13650000;-9,067;-67,397;34400;"Floriano Peixoto";2025-09-21 18:45:00;2025-09-21 17:45:00;2025-09-21 16:45:00;460;-1;-10;25;;0;0;"ACRE";;;"1997";489;356;698;"20%-30%";;;;;
13710001;-8,653;-67,375;105000;"Valparaíso Montante";2025-09-24 08:45:00;2025-09-24 07:45:00;2025-09-24 06:45:00;318;;-14;;;0;39,4;"PURUS";;;"1997";413,5;320;644;"Mínima-0%";;;;;
13870000;-7,258;-64,798;226000;"LÁBREA";2025-09-27 08:45:00;2025-09-27 07:45:00;2025-09-27 06:45:00;470;2;-6;8;-9;2;41,6;"PURUS";336;;"1997";465;3;808;"40%-50%";;;;;
13990000;-3,899;-61,374;378000;"Beruri";2025-09-27 09:00:00;2025-09-27 08:00:00;2025-09-27 07:00:00;1428;-15;-122;-245;-341;4,4;12,4;"PURUS";;;"2015";1266;677;1707;"70%-80%";;;;;
14100000;-3,311;-60,609;2200000;"Manacapuru";2025-09-27 08:15:00;2025-09-27 07:15:00;2025-09-27 06:15:00;1380;-16;-114;-223;-308;0;50;"SOLIMOES";;;"2021";1190,5;611;1582;"70%-80%";;1700;1770;1960;"Normal"
14320001;-0,137;-67,086;193000;"São Gabriel da Cachoeira";2024-10-22 16:45:00;2024-10-22 15:45:00;2024-10-22 14:45:00;193;;;;;0;0;"NEGRO";;;;;;;;;;;;
14400000;-0,42;-65,015;262000;"Tapuruquara";2024-10-22 16:45:00;2024-10-22 15:45:00;2024-10-22 14:45:00;193;;;;;0;0;"NEGRO";;;;;;;;;;;;
14420000;-0,482;-64,829;293000;"Serrinha";2025-09-27 08:30:00;2025-09-27 07:30:00;2025-09-27 06:30:00;756;-14;-59;-76;-66;0;6;"NEGRO";;;"2019";713;493;837;"80%-90%";;;;;
14480002;-0,966;-62,931;379000;"Barcelos";2025-09-27 09:00:00;2025-09-27 08:00:00;2025-09-27 07:00:00;553;-7;-42;-86;;0;4,8;"NEGRO";;;"2022";482;257;683;"80%-90%";;;;;
14489000;3,353;-61,422;26700;"MARACA";2025-09-27 08:45:00;2025-09-27 07:45:00;2025-09-27 06:45:00;518;4;-31;-86;-101;9,8;11,6;"URARICOERA";;;"2021";515;431;666;"56%-67%";;;;;
14495000;3,438;-61,037;36900;"FAZENDA CAJUPIRANGA";2025-09-27 09:15:00;2025-09-27 08:15:00;2025-09-27 07:15:00;604;0;-31;-78;-99;5;5;"URARICOERA";;;"2021";598;468;734;"50%-60%";;;;;
14515000;3,208;-60,571;50200;"FAZENDA PASSARAO";2025-09-27 08:30:00;2025-09-27 07:30:00;2025-09-27 06:30:00;680;-5;-37;-89;-117;0;0,4;"URARICOERA";;;"2011";718;569;927;"30%-40%";;;;;
14527000;3,568;-59,888;24300;"PONTE DO TACUTU";2025-09-25 19:30:00;2025-09-25 18:30:00;2025-09-25 17:30:00;500;0;-24;;-118;0;0;"TACUTU";;;"2011";567,5;428;864;"10%-20%";;;;;
14530000;4,196;-60,794;2280;"VILA SURUMU";2025-09-27 09:00:00;2025-09-27 08:00:00;2025-09-27 07:00:00;313;0;-182;10;-19;1;1;"SURUMU";;;"2015";331;243;513;"20%-30%";;;;;
14540000;4,631;-60,471;3210;"FAZENDA BANDEIRA BRANCA";2025-09-27 08:45:00;2025-09-27 07:45:00;2025-09-27 06:45:00;154;0;-20;-19;-39;0;0;"COTINGO";181;;"2011";178;113;371;"10%-20%";;;;;
14558000;3,318;-60,345;40600;"FAZENDA PARAISO";2025-09-27 09:00:00;2025-09-27 08:00:00;2025-09-27 07:00:00;530;-4;-21;-55;-88;0;0;"TACUTU";526;;"2017";594,5;475;745;"22%-33%";;;;;
14620000;2,827;-60,656;97200;"BOA VISTA";2025-09-27 01:30:00;2025-09-27 00:30:00;2025-09-26 23:30:00;174;-6;-34;-79;-138;0;0;"BRANCO";;;"2011";253;95;473;"20%-30%";;750;800;850;"Normal"
14680001;2,871;-61,441;12200;"FE E ESPERANCA";2025-09-27 08:30:00;2025-09-27 07:30:00;2025-09-27 06:30:00;299;0;-23;-37;-59;42,2;44,6;"MUCAJAÍ";;;"1976";297,5;221;414;"50%-60%";;;;;
14690000;2,471;-60,918;19800;"MUCAJAI";2025-09-27 08:30:00;2025-09-27 07:30:00;2025-09-27 06:30:00;1053;-8;-40;-86;-130;0;0;"MUCAJAÍ";;;"2011";1090;913;1228;"30%-40%";;;;;
14710000;1,821;-61,124;126000;"CARACARAI";2025-09-27 09:15:00;2025-09-27 08:15:00;2025-09-27 07:15:00;267;-8;-41;-96;-182;10,2;10,6;"BRANCO";;;"2011";309;113;562;"20%-30%";;800;850;900;"Normal"
14790000;-0,505;-61,786;184000;"SANTA MARIA DO BOIAÇU";2025-09-27 09:00:00;2025-09-27 08:00:00;2025-09-27 07:00:00;662;-11;-92;-182;-261;0;0,8;"BRANCO";572;;"2011";725;424;1035;"30%-40%";;;;;
14840000;-1,457;-61,635;593000;"MOURA";2025-09-27 09:00:00;2025-09-27 08:00:00;2025-09-27 07:00:00;945;;-95;-183;-271;0;27,6;"NEGRO";433;;"2022";819;409;1028;"80%-90%";;;;;
14990000;-3,138;-60,027;712000;"Manaus";2025-09-27 08:45:00;2025-09-27 07:45:00;2025-09-27 06:45:00;2317;-17;-113;-211;-294;0;0;"NEGRO";;;"2012";2092;1505;2566;"80%-90%";;2650;2750;2900;"Normal"
15124009;-13,513;-60,53;3600;"CABIXI";2025-09-27 08:45:00;2025-09-27 07:45:00;2025-09-27 06:45:00;237;2;28;34;26;0;24,4;"CABIXI";174;;"2002";219;169;287;"70%-80%";;;;;
15130000;-13,486;-61,05;54400;"PIMENTEIRAS";2025-09-27 09:00:00;2025-09-27 08:00:00;2025-09-27 07:00:00;317;1;4;2;-7;0,2;15,8;"GUAPORÉ";256;;"1988";312;254;363;"40%-50%";;;;;
15150000;-12,851;-62,899;110000;"Pedras Negras";2025-09-27 08:15:00;2025-09-27 07:15:00;2025-09-27 06:15:00;262;-1;-7;-19;-32;0;0;"GUAPORÉ";212;;"1988";258;208;318;"50%-60%";;;;;
15200000;-12,427;-64,425;341000;"Príncípe da Beira";2025-09-27 08:30:00;2025-09-27 07:30:00;2025-09-27 06:30:00;403;-1;1;-6;-20;0;24,2;"GUAPORÉ";348;;"2014";397,5;345;541;"60%-70%";;;;;
15248010;-10,918;-65,043;4390;"BOCA DO POMPEU - JUSANTE";2025-09-27 08:30:00;2025-09-27 07:30:00;2025-09-27 06:30:00;93;-1;-10;-10;-12;0;23;"OURO PRETO";68;;"2020";85;3;195;"50%-60%";;;;;
15250000;-10,793;-65,348;609000;"GUAJARA-MIRIM";2025-09-27 08:30:00;2025-09-27 07:30:00;2025-09-27 06:30:00;591;-1;-14;-23;-21;0;2;"MAMORE";;;"2014";563;389;714;"70%-80%";;930;1020;1110;"Normal"
15318000;-10,348;-65,357;834000;"UHE JIRAU JUSANTE RIO BENI";2025-09-27 09:15:00;2025-09-27 08:15:00;2025-09-27 07:15:00;985;-3;-27;-52;-37;0;10,6;"MADEIRA";;;"2014";973;919;1053;"40%-60%";;;;;
15320002;-9,705;-65,367;921000;"ABUNÃ";2025-09-27 08:30:00;2025-09-27 07:30:00;2025-09-27 06:30:00;983;-46;-60;-83;-75;0;4,6;"MADEIRA";860;;"2014";737,5;545;1278;"90%-100%";;;;;
15324000;-10,338;-67,183;7740;"PLÁCIDO DE CASTRO";2025-09-27 09:15:00;2025-09-27 08:15:00;2025-09-27 07:15:00;247;-2;24;3;33;0;7,8;"ABUNÃ";170;;"2012";243,5;171;353;"50%-60%";;;;;
15326000;-9,785;-65,528;31100;"MORADA NOVA JUSANTE";2025-09-27 08:30:00;2025-09-27 07:30:00;2025-09-27 06:30:00;791;-5;-20;-24;-37;0;6,6;"ABUNÃ?";;;"2014";839;697;945;"20%-30%";;;;;
15400000;-8,748;-63,917;976000;"PORTO VELHO";2025-09-27 08:15:00;2025-09-27 07:15:00;2025-09-27 06:15:00;253;-10;-43;-34;-43;46,4;50;"MADEIRA";;;"2014";354;146;911;"10%-20%";;1400;1500;1700;"Normal"
15430000;-9,926;-63,071;8140;"Ariquemes";2025-09-27 09:00:00;2025-09-27 08:00:00;2025-09-27 07:00:00;167;55;-1;53;-5;2,4;9,4;"JAMARI";;;"2007";194;116;296;"20%-30%";;;;;
15490000;-8,452;-63,518;977000;"PROSPERIDADE";2025-09-27 09:15:00;2025-09-27 08:15:00;2025-09-27 07:15:00;404;-3;-38;-34;-50;22;44;"MADEIRA";;;"2014";427;278;671;"40%-50%";;;;;
15490200;-8,426;-63,484;1400000;"SÃO CARLOS";2025-03-31 17:00:00;2025-03-31 16:00:00;2025-03-31 15:00:00;1938;4;18;50;96;0;0;"MADEIRA";;;;;;;;;;;;
15490600;-8,584;-63,733;1400000;"PORTO VELHO";2025-03-31 17:00:00;2025-03-31 16:00:00;2025-03-31 15:00:00;1859;-1;19;61;112;0;0;"MADEIRA";;;;;;;;;;;;
15550000;-8,799;-63,711;12700;"SANTA ISABEL";2025-09-27 08:45:00;2025-09-27 07:45:00;2025-09-27 06:45:00;951;4;-7;-6;11;42,2;56,2;"CANDEIAS";895;;"2019";991;896;1086;"0%-10%";;;;;
15552600;-11,749;-60,868;4360;"FAZENDA FLOR DO CAMPO";2025-09-27 09:00:00;2025-09-27 08:00:00;2025-09-27 07:00:00;258;-24;-23;-37;-30;0,4;14,6;"COMEMORAÇÃO";244;;"1987";266;240;290;"20%-30%";;;;;
15558000;-11,684;-61,192;10100;"PIMENTA BUENO";2025-09-27 08:45:00;2025-09-27 07:45:00;2025-09-27 06:45:00;416;-1;16;13;15;0;10,6;"PIMENTA BUENO";345;;"2014";387;344;429;"90%-100%";;;;;
15558200;-11,444;-61,441;17900;"CACOAL";2025-08-16 23:30:00;2025-08-16 22:30:00;2025-08-16 21:30:00;39;;;;;0;0;"PIRARARA";;;"2022";102;98;123;"Mínima-0%";;;;;
15559000;-11,653;-61,215;16100;"SÍTIO BELA VISTA";2025-09-27 09:00:00;2025-09-27 08:00:00;2025-09-27 07:00:00;188;5;16;11;15;0;12,2;"MACHADO";122;;"2014";158;104;204;"90%-100%";;;;;
15560000;-10,874;-61,936;32800;"JI-PARANA";2025-09-27 09:00:00;2025-09-27 08:00:00;2025-09-27 07:00:00;666;-1;12;5;2;0;11,4;"MACHADO";;;"2022";649;610;683;"80%-90%";;;;;
15564000;-10,832;-62,893;133;"JARUARU";2025-09-27 09:00:00;2025-09-27 08:00:00;2025-09-27 07:00:00;381;-66;320;3;350;0;0;"JARU";2;;"2014";10;2;18;"100%-Máxima";;;;;
15580000;-8,932;-62,056;60200;"Tabajara";2025-09-27 08:45:00;2025-09-27 07:45:00;2025-09-27 06:45:00;373;15;20;40;82;1,4;10,6;"MACHADO";;;"2019";316,5;227;390;"80%-90%";;;;;
15627000;-8,18;-63,091;1020424;"UHE_PAPAGAIO";2025-09-27 09:00:00;2025-09-27 08:00:00;2025-09-27 07:00:00;3909;-3;-38;-26;-48;6;12,5;"MADEIRA";;;;;;;;;;;;
15627300;-8,193;-63,133;1400000;"ESPÍRITO SANTO";2025-03-31 16:00:00;2025-03-31 15:00:00;2025-03-31 14:00:00;1899;3;11;39;87;0;0;"MADEIRA";;;;;;;;;;;;
15627400;-8,081;-62,878;1400000;"CALAMA";2025-09-27 07:45:00;2025-09-27 06:45:00;2025-09-27 05:45:00;671;0;13;;-352;0;0;"MADEIRA";;;;;;;;;;;;
15630000;-7,503;-63,018;1090000;"HUMAITÁ";2025-09-27 08:30:00;2025-09-27 07:30:00;2025-09-27 06:30:00;1031;-4;-42;-14;-43;25,6;27;"MADEIRA";;;"2014";1042;919;1576;"40%-50%";;;;;
15700000;-5,817;-61,302;1150000;"MANICORÉ";2025-08-18 09:45:00;2025-08-18 08:45:00;2025-08-18 07:45:00;1553;;;;-243;0;0;"MADEIRA";;;;;;;;;;;;
15860000;-4,897;-60,025;1310000;"FAZENDA VISTA ALEGRE";2025-09-27 08:45:00;2025-09-27 07:45:00;2025-09-27 06:45:00;1169;;-67;;-186;0,6;2;"MADEIRA";658;;"1989";1067;661;1315;"70%-80%";;;;;
15960000;-3,547;-58,924;1376282;"URUCURITUBA";2025-09-18 17:00:00;2025-09-18 16:00:00;2025-09-18 15:00:00;1618;-7;-80;-154;-219;0;0;"MADEIRA";;;"2021";1412;958;1594;"100%-Máxima";;;;;
16030000;-3,154;-58,411;4350000;"Itacoatiara";2025-09-17 07:00:00;2025-09-17 06:00:00;2025-09-17 05:00:00;1046;-22;-88;-151;-204;0;0;"AMAZONAS";123;;"2021";758;142;1181;"90%-100%";;;;;
17050001;-1,919;-55,513;4670000;"Obidos";2025-09-27 08:30:00;2025-09-27 07:30:00;2025-09-27 06:30:00;456;-8;-53;-102;-136;0;0;"AMAZONAS";;;"2009";339;83;527;"70%-80%";;;;;
17122001;-10,823;-57,727;14334;"JURUA";2025-09-27 08:45:00;2025-09-27 07:45:00;2025-09-27 06:45:00;296;2;1;-1;;8,6;38,6;"DOS PEIXES";;;;;;;;;;;;
17130000;-7,731;-58,281;182000;"Foz do Juruena";2025-09-27 08:45:00;2025-09-27 07:45:00;2025-09-27 06:45:00;393;4;17;21;17;0,2;0,8;"JURUENA";;;"2023";393,5;296;504;"40%-50%";;;;;
17384000;-9,351;-56,781;90704;"UHE TELES PIRES BARRAMENTO";2025-09-27 05:00:00;2025-09-27 04:00:00;2025-09-27 03:00:00;5009;-17034;-17035;;;2,2;30;"TELES PIRES";;;"2019";22043,5;22030;22046;"Mínima-0%";;;;;
17410100;-8,859;-57,419;132797;"UHE SÃO MANOEL JUSANTE 2";2025-09-27 09:00:00;2025-09-27 08:00:00;2025-09-27 07:00:00;497;2;18;14;;1,75;24,75;"TELES PIRES";;;"2020";427;426;437;"100%-Máxima";;;;;
17420000;-7,615;-57,95;138000;"Três Marias";2025-09-27 09:15:00;2025-09-27 08:15:00;2025-09-27 07:15:00;308;8;23;;16;6;68,4;"TELES PIRES";;;"2014";440;154;546;"10%-20%";;;;;
17430000;-7,34;-58,155;333000;"BARRA DO SÃO MANUEL";2025-07-05 11:30:00;2025-07-05 10:30:00;2025-07-05 09:30:00;506;-2;;-18;-34;0;0;"TAPAJÓS";245;;"2004";315,5;244;423;"100%-Máxima";;;;;
17680000;-5,456;-55,87;40200;"JAMANXIM";2025-02-10 22:45:00;2025-02-10 21:45:00;2025-02-10 20:45:00;874;;;;;0;0;"JAMANXIM";206;;"2006";302,5;204;365;"100%-Máxima";;;;;
17730000;-4,276;-55,982;458000;"Itaituba";2025-09-18 15:30:00;2025-09-18 14:30:00;2025-09-18 13:30:00;456;;;;-97;0;0;"TAPAJOS";;;"2014";315,5;169;459;"90%-100%";;;;;
17900000;-2,414;-54,738;493000;"Santarem";2025-09-27 08:30:00;2025-09-27 07:30:00;2025-09-27 06:30:00;445;-11;-45;-90;-116;0;0;"AMAZONAS";;;"2009";286;59;482;"90%-100%";;;;;
18390000;-1,533;-52,577;5460000;"Almeirim";2025-09-27 08:30:00;2025-09-27 07:30:00;2025-09-27 06:30:00;368;-12;-82;-55;-101;0;0;"AMAZONAS";;;"2022";367;290;438;"57%-71%";;;;;
18460000;-6,736;-51,995;210000;"BOA SORTE";2025-09-27 08:45:00;2025-09-27 07:45:00;2025-09-27 06:45:00;346;1;3;2;-3;12,2;32,6;"XINGU";;;"2004";357,5;309;398;"20%-30%";;;;;
18500000;-6,745;-51,774;42400;"Boa Esperança";2025-09-27 09:00:00;2025-09-27 08:00:00;2025-09-27 07:00:00;323;-3;23;24;13;18,4;37,6;"FRESCO";;;"2014";262;121;472;"60%-70%";;;;;
18700000;-4,528;-54,013;122000;"Pedra do Ó";2025-09-06 04:30:00;2025-09-06 03:30:00;2025-09-06 02:30:00;291;0;-7;-12;-21;0;0;"IRIRI";;;"1980";307;275;355;"20%-30%";;;;;
18850000;-3,215;-52,212;448000;"ALTAMIRA";2025-09-27 08:30:00;2025-09-27 07:30:00;2025-09-27 06:30:00;512;-6;-44;-82;-111;0;0;"XINGU";273;;"1980";246;100;632;"90%-100%";;;;;
18936000;-2,882;-52,011;714;"VITÓRIA DO XINGU";2025-09-27 09:00:00;2025-09-27 08:00:00;2025-09-27 07:00:00;187;-8;7;-51;-9;0;0;"TUCURUI";46;;"2022";106;47;195;"50%-75%";;;;;
18938001;-2,622;-51,954;486000;"SOUZEL";2025-09-27 09:15:00;2025-09-27 08:15:00;2025-09-27 07:15:00;314;-10;-15;-53;-31;0;0;"XINGU";205;;"2021";250;217;316;"80%-100%";;;;;
18950003;-1,753;-52,24;509000;"PORTO DE MOZ";2025-09-27 08:30:00;2025-09-27 07:30:00;2025-09-27 06:30:00;246;-10;-40;-47;-52;0;0;"XINGU";124;;"2009";218;89;353;"70%-80%";;;;;
19500000;0,022;-51,05;5930000;"MACAPÁ";2025-09-27 08:30:00;2025-09-27 07:30:00;2025-09-27 06:30:00;341;26;134;-71;127;0;0;"SOLIMÕES";;;"2007";275,5;160;400;"70%-80%";;;;;
19985000;-3,851;-50,64;2682;"PACAJÁS";2025-09-27 08:30:00;2025-09-27 07:30:00;2025-09-27 06:30:00;379;1;-5;-14;-26;0;0;"PACAJÁS";346;;"2006";383;291;498;"40%-50%";;;;;
21500000;-13,763;-46,838;22600;"Nova Roma";2025-09-27 08:45:00;2025-09-27 07:45:00;2025-09-27 06:45:00;58;0;3;3;3;0;2,4;"PARANÃ";;;"1990";70;50;118;"0%-10%";;;;;
22050001;-12,023;-48,533;128000;"Peixe";2025-09-27 08:45:00;2025-09-27 07:45:00;2025-09-27 06:45:00;136;-45;-122;-112;-121;0;9,4;"TOCANTINS";;;"1980";196;60;400;"10%-20%";;;;;
22100000;-12,392;-48,712;8720;"Colonha";2025-09-27 08:45:00;2025-09-27 07:45:00;2025-09-27 06:45:00;152;1;1;0;-2;0;0,8;"SANTA TEREZA";;;"1980";160;110;247;"20%-30%";;550;600;700;"Normal"
22250000;-11,533;-48,289;14500;"Fazenda Lobeira";2025-09-19 10:15:00;2025-09-19 09:15:00;2025-09-19 08:15:00;10;;-11;-21;-10;0;0;"MANUEL ALVES";;;"1980";50;25;152;"Mínima-0%";;;;;
22900000;-9,307;-47,929;44100;"Porto Real";2025-09-27 08:30:00;2025-09-27 07:30:00;2025-09-27 06:30:00;14;-6;2;-1;0;0;18,4;"DO SONO";;;"1980";64;5;223;"0%-10%";;;;;
23100000;-8,392;-48,111;242000;"Tupiratins";2025-09-27 08:30:00;2025-09-27 07:30:00;2025-09-27 06:30:00;76;-5;-1;-33;-20;0;23,8;"TOCANTINS";;;"1980";103,5;32;244;"20%-30%";;;;;
23700000;-5,789;-47,469;297000;"Descarreto";2025-09-27 08:15:00;2025-09-27 07:15:00;2025-09-27 06:15:00;81;2;-15;4;4;0;1;"TOCANTINS";;;"1980";91;56;161;"22%-33%";;;;;
24700000;-15,891;-52,228;36800;"Barra do Garças";2025-09-19 10:30:00;2025-09-19 09:30:00;2025-09-19 08:30:00;78;;;-6;-9;0;0;"ARAGUAIA";;;"1977";91;9;168;"20%-30%";;;;;
24850000;-15,738;-51,828;50100;"Araguaiana";2025-09-19 07:00:00;2025-09-19 06:00:00;2025-09-19 05:00:00;135;0;-5;-5;-8;0;0;"ARAGUAIA";;;"1977";151,5;58;222;"20%-30%";;;;;
25200000;-14,913;-51,081;76300;"Aruanã";2025-09-27 09:00:00;2025-09-27 08:00:00;2025-09-27 07:00:00;113;6;12;9;4;0;1,6;"ARAGUAIA";;;"1993";134,5;60;262;"10%-20%";;;;;
25700000;-13,69;-50,8;92300;"Bandeirantes";2025-09-27 09:00:00;2025-09-27 08:00:00;2025-09-27 07:00:00;305;-1;-1;-5;-9;1;8,4;"ARAGUAIA";;;"1983";385,5;313;454;"Mínima-0%";;;;;
26350000;-11,618;-50,663;194000;"São Félix do Araguaia";2025-09-27 08:15:00;2025-09-27 07:15:00;2025-09-27 06:15:00;289;-1;-1;-10;-13;0;5,4;"ARAGUAIA";;;"1991";287,5;253;396;"50%-60%";;;;;
27320000;-8,803;-49,555;319000;"Araguacema";2025-09-27 08:30:00;2025-09-27 07:30:00;2025-09-27 06:30:00;247;1;-1;-3;-6;0;21,2;"ARAGUAIA";;;"1980";245;204;350;"50%-60%";;;;;
27500000;-8,269;-49,259;332000;"Conceição do Araguaia";2025-09-26 11:30:00;2025-09-26 10:30:00;2025-09-26 09:30:00;190;;-1;-5;-8;0;0,6;"ARAGUAIA";;;"1980";213,5;168;299;"10%-20%";;;;;
28300000;-6,41;-48,542;377000;"Xambioá";2025-09-05 07:00:00;2025-09-05 06:00:00;2025-09-05 05:00:00;155;-3;;-23;-34;0;0;"ARAGUAIA";;;"1980";199,5;124;277;"10%-20%";;;;;
28850000;-5,651;-48,133;388000;"Araguatins";2025-09-27 08:30:00;2025-09-27 07:30:00;2025-09-27 06:30:00;243;2;2;1;-3;0;5;"ARAGUAIA";;;"1980";262;231;306;"10%-20%";;;;;
29050000;-5,339;-49,124;703000;"Marabá";2025-09-27 08:15:00;2025-09-27 07:15:00;2025-09-27 06:15:00;195;4;-20;-35;-53;0;1,8;"TOCANTINS";;;"1980";219,5;107;300;"30%-40%";;;;;
29200000;-5,128;-49,324;746000;"Itupiranga";2025-09-27 09:15:00;2025-09-27 08:15:00;2025-09-27 07:15:00;551;1;-25;-53;-81;0,2;60,4;"TOCANTINS";;;"1980";319;95;689;"80%-90%";;;;;
30080000;0,986;-51,706;10600;"Capivara";2025-09-27 08:30:00;2025-09-27 07:30:00;2025-09-27 06:30:00;379;-3;-21;-37;-81;0;0;"ARAGUARI";;;"2019";387;331;596;"30%-40%";;;;;
30300000;0,901;-52,016;10800;"Serra do Navio";2025-09-27 08:30:00;2025-09-27 07:30:00;2025-09-27 06:30:00;447;-3;-22;-32;-57;0;0;"AMAPARI";;;"2011";454;404;645;"20%-30%";;;;;
33530000;-5,337;-43,884;27300;"Montevidéu";2025-09-27 08:45:00;2025-09-27 07:45:00;2025-09-27 06:45:00;95;-1;1;0;-2;0;0;"ITAPECURU";;;"2022";163;87;249;"0%-10%";;350;370;400;"Normal"
33590000;-4,458;-43,875;37200;"Codó";2025-09-26 07:00:00;2025-09-26 06:00:00;2025-09-26 05:00:00;18;0;0;-1;-2;0;0;"ITAPECURU";;;"1986";119,5;18;225;"Mínima-0%";;;;;
33690000;-3,37;-44,345;;"Itapecuru-Mirim";;;;;;;;;;;"ITAPECURU";;;;;;;;;;;;
34060000;-7,567;-45,254;31300;"Ribeiro Gonçalves";2025-09-27 08:45:00;2025-09-27 07:45:00;2025-09-27 06:45:00;258;0;1;-8;-9;0;0,4;"PARNAÍBA";;;"1979";269,5;232;321;"10%-20%";;;;;
34270000;-7,248;-43,643;47000;"Barra do Lance";2025-09-27 08:45:00;2025-09-27 07:45:00;2025-09-27 06:45:00;75;-1;-6;-8;-11;0;0;"GURGUÉIA";;;"1980";82;59;120;"20%-30%";;;;;
34311000;-6,761;-43,028;140000;"Barão de Grajaú";2025-09-27 09:00:00;2025-09-27 08:00:00;2025-09-27 07:00:00;287;-5;-20;23;68;0;0;"PARNAÍBA";;;"1985";323;221;452;"30%-40%";;;;;
34564000;-8,355;-42,245;15600;"São João do Piauí";2025-09-27 08:15:00;2025-09-27 07:15:00;2025-09-27 06:15:00;283;0;;;;0;0;"PIAUÍ";;;;;;;;;;;;
34600000;-6,622;-42,697;73700;"Francisco Ayres";2025-09-27 08:45:00;2025-09-27 07:45:00;2025-09-27 06:45:00;6;0;-3;-3;-3;0;1;"CANINDÉ";;;"2004";53,5;-9;414;"10%-20%";;;;;
34660000;-5,572;-43,024;235000;"Fazenda Veneza";2025-09-27 08:45:00;2025-09-27 07:45:00;2025-09-27 06:45:00;162;5;13;16;31;0;0;"PARNAÍBA";;;"1985";154;88;232;"50%-60%";;;;;
34690000;-5,135;-42,811;237000;"Teresina";2025-09-27 08:45:00;2025-09-27 07:45:00;2025-09-27 06:45:00;191;2;10;14;24;0;0;"POTI";;;"1985";241;38;315;"20%-30%";;;;;
34742000;-5,059;-41,157;11400;"Bebedouro";2025-09-27 09:00:00;2025-09-27 08:00:00;2025-09-27 07:00:00;137;0;-1;-2;-4;0;0;"POTI";;;"2020";144;124;156;"29%-43%";;;;;
34750000;-5,223;-41,738;19200;"Fazenda Boa Esperança";2025-09-27 08:45:00;2025-09-27 07:45:00;2025-09-27 06:45:00;91;-1;-6;-12;-17;0;0;"POTI";;;"2004";113,5;30;173;"30%-40%";;;;;
34770000;-5,666;-42,214;43400;"Prata do Piauí";2025-09-27 08:15:00;2025-09-27 07:15:00;2025-09-27 06:15:00;5;-2;-3;-3;-3;0;0;"POTI";;;"2009";25;4;91;"0%-10%";;;;;
34789000;-5,2;-42,696;51400;"Fazenda Cantinho II";2025-09-27 09:15:00;2025-09-27 08:15:00;2025-09-27 07:15:00;82;;-1;-1;;0;0;"POTI";;;"2019";59;-6;234;"60%-70%";;;;;
34790000;-5,2;-42,717;51400;"Fazenda Cantinho";;;;;;;;;;;"PARNAÍBA";;;;;;;;;;;;
34820000;-4,288;-42,986;294000;"Coelho Neto";2025-09-26 18:45:00;2025-09-26 17:45:00;2025-09-26 16:45:00;220;-4;-10;4;2;0;0;"PARNAÍBA";;;"2009";254,5;219;326;"0%-10%";;;;;
34879500;-3,454;-42,37;298000;"Luzilândia";2025-09-27 08:30:00;2025-09-27 07:30:00;2025-09-27 06:30:00;128;-11;4;18;10;0;0;"PARNAÍBA";;;"1985";137,5;94;206;"20%-30%";;;;;
34930000;-4,41;-42,181;4910;"Fazenda Alegria";2025-09-27 08:45:00;2025-09-27 07:45:00;2025-09-27 06:45:00;90;0;-4;-9;-13;0;0;"LONGÁ";;;"2008";101;63;116;"11%-22%";;;;;
34936000;-4,238;-42,305;2900;"Pedrinhas";2025-09-27 08:45:00;2025-09-27 07:45:00;2025-09-27 06:45:00;227;-1;-9;-17;-25;0;0;"MARATÃ";;;"2020";238;191;276;"20%-30%";;;;;
34940000;-3,903;-42,23;11200;"Esperantina";2025-09-27 08:45:00;2025-09-27 07:45:00;2025-09-27 06:45:00;251;-2;-6;-11;-17;0;0;"LONGÁ";;;"2008";268;213;311;"20%-30%";;;;;
36320000;-5,9;-38,633;39600;"Jaguaribe";2025-09-27 08:45:00;2025-09-27 07:45:00;2025-09-27 06:45:00;178;-2;-9;-8;-6;0;0;"JAGUARIBE";;;"1985";207;172;259;"0%-10%";;;;;
39100000;-7,962;-36,202;1560;"Capibaribe";2025-09-27 08:15:00;2025-09-27 07:15:00;2025-09-27 06:15:00;122;-1;-1;-2;-1;0;0,2;"CAPIBARIBE";;;"2020";107;87;149;"75%-88%";;;;;
39575000;-8,883;-36,219;808;"CANHOTINHO";2025-09-27 08:45:00;2025-09-27 07:45:00;2025-09-27 06:45:00;155;0;-9;-28;-100;0;4,4;"CANHOTO";;;"2017";143;125;156;"86%-100%";;;;;
39689000;-9,124;-36,339;479;"CORRENTES II";;;;;;;;;;;"MUNDAU";;;;;;;;;;;;
39700000;-9,168;-36,218;767;"SANTANA DO MUNDAU";2025-09-27 09:15:00;2025-09-27 08:15:00;2025-09-27 07:15:00;217;-1;-2;-18;-126;0;8,6;"MUNDAU";;;"2022";223;199;305;"30%-40%";;;;;
39715000;-9,002;-36,326;128;"PALMERINA";2025-09-27 09:15:00;2025-09-27 08:15:00;2025-09-27 07:15:00;46;0;-2;-12;-89;0;4,2;"PALMERINA";;;"2022";52;40;65;"12%-25%";;;;;
39720000;-9,004;-36,051;1170;"SÃO JOSE DA LAJE";2025-09-27 09:15:00;2025-09-27 08:15:00;2025-09-27 07:15:00;194;-1;-5;-11;-78;0;3;"CANHOTO";;;"2000";172;160;195;"89%-100%";;;;;
39740000;-9,154;-36,036;2900;"UNIAO DOS PALMARES";2025-09-27 08:00:00;2025-09-27 07:00:00;2025-09-27 06:00:00;166;3;-8;-28;-231;1,6;6,2;"MUNDAU";;;"2023";165;99;222;"40%-50%";;;;;
39760000;-9,314;-35,95;3290;"MURICI PONTE";2025-09-27 09:00:00;2025-09-27 08:00:00;2025-09-27 07:00:00;182;3;-5;-19;-232;0,6;4,8;"MUNDAU";;;"2000";120;66;184;"90%-100%";;;;;
41340000;-19,56;-43,911;4860;"Ponte Raul Soares";2025-09-27 09:00:00;2025-09-27 08:00:00;2025-09-27 07:00:00;33;-1;-1;1;-2;0;0;"DAS VELHAS";;;"2022";94;18;185;"0%-10%";;750;800;850;"Normal"
41350000;-19,543;-43,903;;"Pirapora";;;;;;;;;;;"SÃO FRANCISCO";;;;;;;;;;;;
41410000;-19,231;-44,025;7080;"Jequitibá";2025-09-27 09:00:00;2025-09-27 08:00:00;2025-09-27 07:00:00;59;-1;1;1;-2;0;0,4;"DAS VELHAS";;;"2022";83;43;328;"10%-20%";;800;1000;1180;"Normal"
41650002;-18,673;-44,194;10700;"Ponto do Licínio";2025-09-27 09:00:00;2025-09-27 08:00:00;2025-09-27 07:00:00;142;4;3;3;0;0;0;"DAS VELHAS";;;"2022";150;128;206;"20%-30%";;810;860;910;"Normal"
41780002;-18,645;-44,051;3980;"Presidente Juscelino";2025-09-19 07:00:00;2025-09-19 06:00:00;2025-09-19 05:00:00;46;0;-1;-1;0;0;0;"PARAUNA";;;"2020";53;38;97;"10%-20%";;;;;
41818000;-18,306;-44,226;16600;"Santo Hipólito";2025-09-26 07:00:00;2025-09-26 06:00:00;2025-09-26 05:00:00;74;5;6;6;0;0;0;"DAS VELHAS";;;"2020";88,5;50;189;"10%-20%";;540;640;745;"Normal"
44200000;-15,949;-44,868;184000;"São Francisco";2025-09-19 07:00:00;2025-09-19 06:00:00;2025-09-19 05:00:00;177;-3;-6;3;-7;0;0;"SÃO FRANCISCO";;;"1992";250;134;358;"10%-20%";;600;640;750;"Normal"
44290002;-15,601;-44,397;194000;"Pedras de Maria da Cruz";;;;;;;;;;;"SÃO FRANCISCO";;;;;;;;;;;;
44500000;-14,757;-43,932;202000;"Manga";;;;;;;;;;;"SÃO FRANCISCO";;;;;;;;;850;900;950;
45298000;-14,304;-43,763;254000;"Carinhanha";2025-09-27 08:30:00;2025-09-27 07:30:00;2025-09-27 06:30:00;98;-1;-3;-4;-1;0;0;"SÃO FRANCISCO";;;"1979";182;63;286;"0%-10%";;860;930;1000;"Normal"
45480000;-13,257;-43,435;271000;"Bom Jesus da Lapa";2025-09-27 08:30:00;2025-09-27 07:30:00;2025-09-27 06:30:00;266;0;-7;-4;-6;0,4;1,4;"SÃO FRANCISCO";;;"1979";337;204;451;"10%-20%";;850;900;950;"Normal"
45960001;-13,291;-43,909;31000;"Porto Novo";2025-09-27 09:00:00;2025-09-27 08:00:00;2025-09-27 07:00:00;34;2;-2;-5;4;0;0;"CORRENTE";;;"2016";121;44;183;"Mínima-0%";;500;550;600;"Normal"
46675000;-11,611;-44,157;39600;"Fazenda Macambira";2024-11-28 10:00:00;2024-11-28 09:00:00;2024-11-28 08:00:00;221;4;18;57;70;0;0;"GRANDE";;;"2021";141,5;66;228;"90%-100%";;;;;
46902000;-11,345;-43,826;65900;"Boqueirão";2025-09-27 09:15:00;2025-09-27 08:15:00;2025-09-27 07:15:00;27;1;-11;-11;-11;0;0;"GRANDE";;;"1980";61;18;110;"0%-10%";;400;425;450;"Normal"
46998000;-11,093;-43,14;425000;"Barra";2025-09-27 08:30:00;2025-09-27 07:30:00;2025-09-27 06:30:00;117;2;0;1;-4;0;0;"SÃO FRANCISCO";;;"1926";125;10;219;"33%-44%";;720;760;800;"Normal"
50520000;-11,06;-38,837;26100;"Ponte Euclides da Cunha";2025-09-27 08:30:00;2025-09-27 07:30:00;2025-09-27 06:30:00;84;0;-1;-3;-4;0;0;"ITAPICURU";;;"1969";40;5;151;"90%-100%";;;;;
51240000;-12,986;-40,958;16500;"Itaeté";2025-09-27 09:15:00;2025-09-27 08:15:00;2025-09-27 07:15:00;390;-3;-11;-40;-103;0;0;"PARAGUAÇU";;;"1978";428;381;745;"0%-10%";;;;;
53460500;-15,669;-42,453;2870;"Passagem das Éguas";2025-09-27 08:30:00;2025-09-27 07:30:00;2025-09-27 06:30:00;243;-1;-2;-5;-7;0;0;"PARDO";;;"2021";239;202;252;"75%-88%";;;;;
56110000;-20,417;-42,9;6210;"Ponte Nova";;;;;;;;;;;"PIRANGA";;;;;;;;;;;;
56110005;-20,384;-42,903;6230;"Ponte Nova";2025-09-27 09:00:00;2025-09-27 08:00:00;2025-09-27 07:00:00;83;-1;-1;0;-7;0;0;"DOCE";;;"2012";102,5;42;187;"10%-20%";;;;;
56610000;-19,932;-43,173;1163;"Piracicaba";2025-09-27 09:00:00;2025-09-27 08:00:00;2025-09-27 07:00:00;60;1;-2;1;-3;0;4;"DOCE";;;"1997";77;0;181;"30%-40%";;;;;
56660000;-19,767;-43,033;3060;"Nova Era";;;;;;;;;;;"PIRACICABA";;;;;;;;;;;;
56661000;-19,767;-43,026;3060;"Nova Era";2025-09-27 09:15:00;2025-09-27 08:15:00;2025-09-27 07:15:00;49;3;5;6;5;0,2;1,2;"DOCE";;;"2022";57;35;123;"10%-20%";;;;;
56696000;-19,525;-42,641;5270;"Má De Carvalho";2025-09-27 08:30:00;2025-09-27 07:30:00;2025-09-27 06:30:00;85;-1;-1;1;-9;0;7,4;"DOCE";;;"2022";94,5;11;174;"40%-50%";;;;;
56825000;-19,188;-42,423;10200;"Naque Velho";2025-09-27 09:15:00;2025-09-27 08:15:00;2025-09-27 07:15:00;176;-1;1;-37;0;0;7;"DOCE";;;"2016";207;139;320;"20%-30%";;;;;
56850000;-18,883;-41,951;40500;"Governador Valadares";2025-09-27 09:15:00;2025-09-27 08:15:00;2025-09-27 07:15:00;105;5;4;-12;-14;0;2,8;"DOCE";;;"1997";134;75;255;"0%-10%";;300;320;360;"Normal"
56994500;-19,533;-40,63;76400;"Colatina";2025-09-27 08:15:00;2025-09-27 07:15:00;2025-09-27 06:15:00;88;0;;-16;-18;0;0,2;"DOCE";;;"2013";94,5;31;210;"30%-40%";;460;530;580;"Normal"
56998200;-19,415;-40,076;82100;"Linhares";;;;;;;;;;;"DOCE";;;;;;;;;;;;
58770000;-21,389;-42,696;5880;"Cataguases";2025-09-27 09:00:00;2025-09-27 08:00:00;2025-09-27 07:00:00;89;0;-22;-3;-25;0;0,2;"POMBA";;;"1979";91;56;174;"30%-40%";;;;;
58790002;-21,542;-42,181;8210;"Santo Antônio de Pádua II";2025-09-27 08:30:00;2025-09-27 07:30:00;2025-09-27 06:30:00;67;-2;-26;8;-26;0,2;5;"POMBA";;;"2012";76;40;110;"30%-40%";;;;;
58792100;-21,621;-42,1;8530;"Aperibé";2025-09-20 08:45:00;2025-09-20 07:45:00;2025-09-20 06:45:00;59;-2;29;-7;15;0;0;"POMBA";;;"2022";46,5;16;98;"62%-75%";;;;;
58940000;-21,208;-41,892;5800;"Itaperuna";2025-09-27 09:15:00;2025-09-27 08:15:00;2025-09-27 07:15:00;187;3;5;11;1;0;0,6;"MURIAÉ";;;"2008";182,5;140;260;"50%-60%";;;;;
58960000;-21,492;-41,614;7210;"Cardoso Moreira";2025-09-27 08:45:00;2025-09-27 07:45:00;2025-09-27 06:45:00;55;-7;;-2;-29;0;1,2;"MURIAÉ";;;"2008";74;-20;218;"30%-40%";;300;500;750;"Normal"
58974000;-21,751;-41,324;55700;"Campos";2025-09-27 08:15:00;2025-09-27 07:15:00;2025-09-27 06:15:00;457;-3;-20;1;-15;0;13;"MURIAÉ";;;"1966";609;448;854;"0%-10%";;;;;
66010000;-15,076;-57,182;9250;"BARRA DO BUGRES";2025-09-27 08:30:00;2025-09-27 07:30:00;2025-09-27 06:30:00;46;3;-2;5;1;0;1,6;"PARAGUAI";;;"1991";58;29;190;"10%-20%";;460;510;560;"Normal"
66070004;-16,076;-57,702;32400;"CÁCERES (DNPVN)";2025-09-27 09:00:00;2025-09-27 08:00:00;2025-09-27 07:00:00;63;-1;-1;-11;-11;0;0;"PARAGUAI";;;"1982";145;26;337;"0%-10%";;480;530;630;"Normal"
66090000;-16,733;-57,749;47100;"DESCALVADOS";;;;;;;;;;;"PARAGUAI";;;;;;;;;;;;
66120000;-17,143;-57,359;64000;"PORTO CONCEICAO";2025-09-27 08:30:00;2025-09-27 07:30:00;2025-09-27 06:30:00;245;-1;-8;-19;-32;0;0;"PARAGUAI";;;"1995";306;190;422;"10%-20%";;;;;
66125000;-17,641;-57,691;68900;"BELA VISTA DO NORTE";2025-09-27 09:15:00;2025-09-27 08:15:00;2025-09-27 07:15:00;375;0;-14;34;25;0;0;"PARAGUAI";;;"1982";367;233;421;"50%-60%";;;;;
66260001;-15,616;-56,109;23500;"CUIABÁ";2025-04-30 07:00:00;2025-04-30 06:00:00;2025-04-30 05:00:00;332;19;-69;-21;56,5384615;0;0;"CUIABÁ";;;"1974";118;-3;267;"60%-70%";;600;700;800;"Normal"
66260002;-15,583;-56,134;22800;"CUIABÁ";;;;;;;;;;;"CUIABÁ";;;;;;;;;;;;
66260006;-15,619;-56,1;23500;"CUIABÁ";2025-09-27 09:00:00;2025-09-27 08:00:00;2025-09-27 07:00:00;129;4;-3;-1;-2;0;1,2;"CUIABÁ";;;;;;;;;;;;
66270000;-15,87;-56,076;25300;"SANTO ANTÔNIO DO LEVERGER";2025-09-27 08:45:00;2025-09-27 07:45:00;2025-09-27 06:45:00;249;-2;0;-5;3;0;0;"CUIABÁ";;;"1974";312,5;232;412;"0%-10%";;;;;
66280000;-16,193;-55,967;28900;"BARÃO DE MELGAÇO";2025-09-26 07:00:00;2025-09-26 06:00:00;2025-09-26 05:00:00;202;2;5;-2;1;0;0;"CUIABÁ";;;"1992";234;170;739;"0%-10%";;;;;
66340000;-16,512;-56,376;36900;"PORTO CERCADO (Ex-Retiro BiguaÃ§al)";;;;;;;;;;;"CUIABÁ";;;;;;;;;;;;
66460000;-16,608;-55,206;23000;"ACIMA DO CÓRREGO GRANDE";2025-09-27 09:15:00;2025-09-27 08:15:00;2025-09-27 07:15:00;59;;23;22;17;0;10,2;"SÃO LOURENÇO";;;"1997";78;5;173;"20%-30%";;;;;
66470000;-16,925;-56,224;24100;"SÃO JOSÉ DO BORIREU";2023-09-15 07:00:00;2023-09-15 06:00:00;2023-09-15 05:00:00;69;-4;-4;-1;-2;0;0;"SÃO LOURENÇO";;;;;;;;;;;;
66600000;-17,202;-56,009;23300;"SÃO JERÔNIMO";2025-09-27 08:45:00;2025-09-27 07:45:00;2025-09-27 06:45:00;199;1;-4;-11;-16;0;0;"PIQUIRI";;;;;;;;;;;;
66650000;-17,292;-56,387;30000;"SÃO JOSÉ DO PIQUIRI";2025-09-27 09:00:00;2025-09-27 08:00:00;2025-09-27 07:00:00;185;0;-5;-14;-16;0;0;"PIQUIRI";;;"1977";204;141;292;"30%-40%";;;;;
66710000;-17,366;-56,775;95200;"POUSADA TAIAMÃ  (Ex-Porto Jofre)";2025-09-27 09:00:00;2025-09-27 08:00:00;2025-09-27 07:00:00;232;0;-7;-15;-22;0;0;"CUIABÁ";;;"2003";270;206;319;"0%-10%";;;;;
66750000;-17,623;-56,965;103000;"PORTO DO ALEGRE";;;;;;;;;;;"CUIABÁ";;;;;;;;;;;;
66810000;-18,394;-57,391;243000;"PORTO SAO FRANCISCO";2025-09-27 09:00:00;2025-09-27 08:00:00;2025-09-27 07:00:00;510;-4;-28;-56;-74;0;0;"PARAGUAI";;;"1995";540;208;649;"20%-30%";;;;;
66825000;-19,002;-57,594;253000;"LADÁRIO";2025-09-26 07:00:00;2025-09-26 06:00:00;2025-09-26 05:00:00;202;-6;-55;-63;-78;0;0;"PARAGUAI";;;"1988";278;-60;414;"30%-40%";;;;;
66870000;-18,508;-54,762;27600;"COXIM";2025-09-27 09:30:00;2025-09-27 08:30:00;2025-09-27 07:30:00;365;0;1;1;-4;0;0;"TAQUARI";;;"1977";;;;"0%-10%";;;;;
66900000;-20,762;-56,091;11600;"ESTRADA MT-738";2025-09-27 08:45:00;2025-09-27 07:45:00;2025-09-27 06:45:00;100;0;3;-2;;7,6;22,4;"MIRANDA";;;;;;;;;;;;
66910000;-20,241;-56,399;15000;"MIRANDA";2025-09-27 09:00:00;2025-09-27 08:00:00;2025-09-27 07:00:00;104;0;-4;-21;-29;0;0;"MIRANDA";;;"1992";169;84;657;"0%-10%";;;;;
66941000;-20,448;-55,428;10900;"PALMEIRAS";2025-09-27 08:30:00;2025-09-27 07:30:00;2025-09-27 06:30:00;127;-2;;-3;-1;0;0,6;"AQUIDAUANA";;;"2011";154;93;398;"10%-20%";;;;;
66945000;-20,478;-55,801;15700;"AQUIDAUANA";2025-09-27 09:00:00;2025-09-27 08:00:00;2025-09-27 07:00:00;155;0;1;-4;-7;0;0;"AQUIDAUANA";;;"2011";254;104;592;"10%-20%";;;;;
66960008;-19,601;-57,437;371000;"PORTO ESPERANÇA";2025-09-27 09:00:00;2025-09-27 08:00:00;2025-09-27 07:00:00;122;-6;-38;-65;-87;0;0;"PARAGUAI";;;;;;;;;;;;
66970000;-19,92;-57,792;372000;"FORTE COIMBRA";2025-09-26 07:00:00;2025-09-26 06:00:00;2025-09-26 05:00:00;82;;;-55;;0;0;"PARAGUAI";;;"1988";223;-186;415;"20%-30%";;;;;
67030000;-21,099;-57,844;546000;"BARRANCO BRANCO";;;;;;;;;;;"PARAGUAI";;;;;;;;;;;;
67100000;-21,7;-57,891;576000;"PORTO MURTINHO";2025-09-26 07:00:00;2025-09-26 06:00:00;2025-09-26 05:00:00;296;-3;-24;-40;-54;0;0;"PARAGUAI";;;"1982";459;75;735;"30%-40%";;;;;
71200000;-27,803;-49,779;1010;"Vila Canoas";2025-09-27 09:00:00;2025-09-27 08:00:00;2025-09-27 07:00:00;215;-28;61;-172;-335;0,4;0,4;"CANOAS";;;;;;;;;500;600;700;"Normal"
71300000;-27,702;-49,84;2000;"Rio Bonito";2025-09-27 09:00:00;2025-09-27 08:00:00;2025-09-27 07:00:00;481;-37;246;-211;-14;0;0;"CANOAS";;;"1990";267,5;52;1038;"70%-80%";;;;;
71350001;-27,508;-50,113;3230;"Encruzilhada II";2025-09-27 09:00:00;2025-09-27 08:00:00;2025-09-27 07:00:00;470;-7;133;-74;-1;0;0;"CANOAS";;;"2017";270;105;811;"80%-90%";;400;500;600;"Atencao"
72715000;-26,896;-51,076;801;"Rio das Antas";2025-09-27 09:00:00;2025-09-27 08:00:00;2025-09-27 07:00:00;159;-2;9;1;-13;0;0;"DO PEIXE";;;"1997";145;90;271;"60%-70%";;250;350;450;"Normal"
72810000;-27,088;-51,258;2010;"Tangará";2025-09-27 09:00:00;2025-09-27 08:00:00;2025-09-27 07:00:00;107;-10;23;0;-18;0;0,2;"DO PEIXE";;;"2022";89,5;65;312;"50%-60%";;350;450;550;"Normal"
72849000;-27,159;-51,481;3710;"Joaçaba I";2025-09-27 09:00:00;2025-09-27 08:00:00;2025-09-27 07:00:00;175;-19;71;9;-79;0;0;"DO PEIXE";;;"2014";151;68;575;"60%-70%";;700;800;900;"Normal"
73770000;-26,818;-52,734;5550;"Porto Fae Novo";2025-09-27 08:45:00;2025-09-27 07:45:00;2025-09-27 06:45:00;167;9;14;-14;-22;0;0,2;"CHAPECÓ";;;"1983";129;46;571;"50%-60%";;;;;
73960000;-27,042;-52,954;8240;"Barra do Chapecó Aux.";2025-09-27 09:00:00;2025-09-27 08:00:00;2025-09-27 07:00:00;175;-9;-13;-38;-58;0;0;"CHAPECÓ";;;"1983";185,5;125;470;"30%-40%";;520;630;700;"Normal"
74100000;-27,176;-53,23;61900;"Iraí";2025-09-27 09:00:00;2025-09-27 08:00:00;2025-09-27 07:00:00;238;30;-81;-97;-47;0;0;"URUGUAI";;;"1983";278;130;775;"40%-50%";;500;600;800;"Normal"
74295000;-27,013;-53,295;300;"Linha Jataí";2025-09-27 09:00:00;2025-09-27 08:00:00;2025-09-27 07:00:00;82;-9;8;-8;-24;0;0,2;"IRACEMA";;;"1983";85;58;315;"30%-40%";;600;700;800;"Normal"
74300000;-26,588;-53,454;814;"Guatapara de Baixo";2025-09-27 09:15:00;2025-09-27 08:15:00;2025-09-27 07:15:00;58;-1;2;-2;-64;0,2;0,4;"DAS ANTAS";;;"2013";85,5;58;299;"Mínima-0%";;700;900;1100;"Normal"
74320000;-26,682;-53,286;609;"Ponte do Sargento";2025-05-12 10:00:00;2025-05-12 09:00:00;2025-05-12 08:00:00;-13;2;0;1;0;0;0;"SARGENTO";;;;;;;;;;;;
74329000;-27,172;-53,71;72300;"Itapiranga";2025-09-27 09:15:00;2025-09-27 08:15:00;2025-09-27 07:15:00;235;-33;-16;-27;2;0;0;"URUGUAI";;;"2023";155;83;452;"57%-71%";;500;600;730;"Normal"
74500000;-27,302;-54,14;82300;"Alto Uruguai";2025-09-27 08:30:00;2025-09-27 07:30:00;2025-09-27 06:30:00;225;-186;-68;-109;-61;0;0;"URUGUAI";;;"1965";320;50;1045;"30%-40%";;1700;1900;2100;"Normal"
74720000;-27,578;-54,683;90700;"Porto Mauá";2025-09-27 09:30:00;2025-09-27 08:30:00;2025-09-27 07:30:00;357;-119;42;-49;7;0;0;"URUGUAI";;;"2023";246;171;364;"75%-100%";;800;950;1050;"Normal"
74800000;-27,853;-55,026;95200;"Porto Lucena";2025-09-27 08:30:00;2025-09-27 07:30:00;2025-09-27 06:30:00;225;-68;79;-25;34;0;0;"URUGUAI";;;"2014";206;35;754;"50%-60%";;800;900;1000;"Normal"
75230000;-28,355;-54,268;5440;"Santo Ângelo";2025-09-27 08:45:00;2025-09-27 07:45:00;2025-09-27 06:45:00;190;-20;32;16;-25;0;0;"IJUÍ";;;"1992";156,5;61;472;"60%-70%";;;;;
75550000;-28,182;-55,643;116000;"Garruchos";2025-09-27 09:30:00;2025-09-27 08:30:00;2025-09-27 07:30:00;546;-178;311;8;174;0;0;"URUGUAI";;;"1983";274;-3;1055;"60%-70%";;1300;1400;1500;"Normal"
75780000;-28,624;-56,037;125000;"Passo São Borja";2025-09-27 08:45:00;2025-09-27 07:45:00;2025-09-27 06:45:00;751;-82;363;81;230;0;0;"URUGUAI";;;"2014";420;58;1133;"80%-90%";;;;;
75900000;-29,118;-56,554;131000;"Itaqui";2025-09-27 09:15:00;2025-09-27 08:15:00;2025-09-27 07:15:00;776;12;337;114;266;0,2;0,2;"URUGUAI";;;"1983";418,5;36;1008;"90%-100%";;630;730;830;"Alerta"
76251000;-30,97;-54,693;462;"Dom Pedrito";2025-09-27 08:30:00;2025-09-27 07:30:00;2025-09-27 06:30:00;571;-50;-40;-371;-237;0;0;"SANTA MARIA";;;"2002";593,5;437;1097;"40%-50%";;;;;
76300000;-30,281;-54,903;6010;"Ponte Ibicuí da Armada";2025-09-27 08:45:00;2025-09-27 07:45:00;2025-09-27 06:45:00;127;-36;14;-117;-47;0;0;"IBICUÍ DA ARMADA";;;"1997";160;22;617;"30%-40%";;600;650;700;"Normal"
76310000;-30,243;-54,917;12100;"Rosário do Sul";2025-09-27 09:30:00;2025-09-27 08:30:00;2025-09-27 07:30:00;153;-40;16;-138;-44;0;0;"SANTA MARIA";;;"1992";208;-9;660;"20%-30%";;450;550;650;"Normal"
76560000;-29,596;-55,481;29400;"Manoel Viana";2025-09-27 08:30:00;2025-09-27 07:30:00;2025-09-27 06:30:00;779;-17;302;128;194;0;5,4;"IBICUÍ";;;"2009";434;179;934;"80%-90%";;760;860;960;"Atencao"
76742000;-29,951;-55,6;1160;"Passo do Osório";2025-09-27 08:45:00;2025-09-27 07:45:00;2025-09-27 06:45:00;306;-69;92;-50;-96;0;0,2;"ARROIO CAVERÁ";;;"2019";174;66;524;"70%-80%";;;;;
76750000;-29,768;-55,788;5867;"Alegrete";2025-09-27 09:15:00;2025-09-27 08:15:00;2025-09-27 07:15:00;764;-108;460;136;217;0,2;0,2;"IBIRAPUITÃ";;;"2019";276;104;1164;"80%-90%";;750;850;970;"Atencao"
76800000;-29,309;-56,055;42500;"Passo Mariano Pinto";2025-09-27 08:30:00;2025-09-27 07:30:00;2025-09-27 06:30:00;740;-14;331;151;223;0;0;"IBICUÍ";;;"1992";377,5;56;926;"90%-100%";;700;750;800;"Atencao"
77150000;-29,749;-57,089;190000;"Uruguaiana";2025-09-27 08:30:00;2025-09-27 07:30:00;2025-09-27 06:30:00;801;33;271;111;244;0;0;"URUGUAI";;;"1983";463;172;1007;"90%-100%";;650;750;850;"Alerta"
77500000;-30,384;-56,466;4570;"Quaraí";2025-09-27 09:00:00;2025-09-27 08:00:00;2025-09-27 07:00:00;188;-36;-22;-36;-188;2,2;2,2;"QUARAÍ";;;"2001";98;34;893;"60%-70%";;600;750;950;"Normal"
86472000;-29,098;-51,7;13000;"Linha José Julio";2025-09-27 09:30:00;2025-09-27 08:30:00;2025-09-27 07:30:00;411;-51;74;-89;-63;0;0;"TAQUARI";;;"2023";290;221;787;"62%-75%";;;;;
86472600;-29,178;-51,732;;"Santa Tereza";2025-09-27 08:45:00;2025-09-27 07:45:00;2025-09-27 06:45:00;394;-20;107;5;26;0;0;"TAQUARI";;;;;;;;;;;;
86510000;-29,167;-51,869;16000;"Muçum";2025-09-27 09:15:00;2025-09-27 08:15:00;2025-09-27 07:15:00;402;-25;128;6;28;0;0;"TAQUARI";;;"2020";243;100;1018;"70%-80%";;;;;
86720000;-29,234;-51,855;19100;"Encantado";2025-09-27 09:15:00;2025-09-27 08:15:00;2025-09-27 07:15:00;227;-25;119;7;6;0;0;"TAQUARI";;;"2020";250;118;769;"30%-40%";;;;;
86879300;-29,473;-51,962;22472;"Estrela";2025-09-27 09:15:00;2025-09-27 08:15:00;2025-09-27 07:15:00;1329;-11;46;7;-13;0;0;"TAQUARI";;;"2023";1300;1288;1508;"50%-100%";;;;;
87160000;-29,336;-51,189;2030;"Nova Palmira";2025-09-27 09:15:00;2025-09-27 08:15:00;2025-09-27 07:15:00;174;-8;32;-2;-8;0;0;"CAÍ";;;"2023";105;13;475;"80%-90%";;;;;
87170000;-29,59;-51,383;3030;"Barca Do Caí";2025-09-27 09:15:00;2025-09-27 08:15:00;2025-09-27 07:15:00;389;-89;141;1;-175;0;0;"CAÍ";;;"2023";295,5;165;1333;"60%-70%";;500;700;1050;"Normal"
87270000;-29,701;-51,441;4360;"Passo Montenegro";2025-09-27 09:15:00;2025-09-27 08:15:00;2025-09-27 07:15:00;244;-102;104;-1;-145;0;0;"CAÍ";;;"1961";196;44;818;"60%-70%";;;;;
